{
  "roc_auc": 0.6893947600027079,
  "pr_auc": 0.41737081315512414,
  "log_loss": 0.5980396881917417,
  "brier_score": 0.20531698770101933,
  "accuracy": 0.6176667009144149,
  "precision": 0.3472677747512369,
  "recall": 0.6652822151224708,
  "f1_score": 0.45633514737572595,
  "gini_coefficient": 0.3787895200054159,
  "default_rate_actual": 0.24118976677283469,
  "default_rate_predicted": 0.4323908181497024
}