{
  "optimal_f1_threshold": 0.43000000000000027,
  "low_risk_threshold": 0.15,
  "medium_risk_threshold": 0.3,
  "high_risk_threshold": 0.5,
  "business_threshold": 0.43000000000000027
}